{"epoch": 238, "train_loss": 2590.523681640625, "val_score": 30.391735076904297, "best_val_score": 30.391735076904297, "_timestamp": 1700232250.117318, "_runtime": 19.43839383125305, "_step": 238, "_wandb": {"runtime": 17}}