{"epoch": 183, "train_loss": 156.10951232910156, "val_score": 5192.91357421875, "best_val_score": 24.855682373046875, "_timestamp": 1700238235.474488, "_runtime": 29.252968072891235, "_step": 183, "_wandb": {"runtime": 27}}