{"epoch": 258, "train_loss": 2514.683837890625, "val_score": 29.583396911621094, "best_val_score": 29.583396911621094, "_timestamp": 1700238282.0530891, "_runtime": 40.17767310142517, "_step": 258, "_wandb": {"runtime": 37}}