{"epoch": 231, "train_loss": 800.5130615234375, "val_score": 34.79511642456055, "best_val_score": 27.62708854675293, "_timestamp": 1700232310.0975196, "_runtime": 17.874557733535767, "_step": 231, "_wandb": {"runtime": 15}}