{"epoch": 200, "train_loss": 208.72409057617188, "val_score": 126.51941680908203, "best_val_score": 31.53897476196289, "_timestamp": 1700232330.5507877, "_runtime": 15.639797687530518, "_step": 200, "_wandb": {"runtime": 13}}