{"epoch": 280, "train_loss": 99.29585266113281, "val_score": 140.05194091796875, "best_val_score": 23.981351852416992, "_timestamp": 1700232426.186972, "_runtime": 22.49579381942749, "_step": 280, "_wandb": {"runtime": 20}}