{"epoch": 165, "train_loss": 1547.8699951171875, "val_score": 56.03879928588867, "best_val_score": 28.73788070678711, "_timestamp": 1700232288.2719324, "_runtime": 16.413673400878906, "_step": 165, "_wandb": {"runtime": 13}}