{"epoch": 154, "train_loss": 2579.765380859375, "val_score": 30.219282150268555, "best_val_score": 30.219282150268555, "_timestamp": 1700232373.2713194, "_runtime": 18.47477650642395, "_step": 154, "_wandb": {"runtime": 15}}