{"epoch": 292, "train_loss": 2266.158203125, "val_score": 28.107099533081055, "best_val_score": 28.107099533081055, "_timestamp": 1700232399.2627957, "_runtime": 22.052950620651245, "_step": 292, "_wandb": {"runtime": 19}}