{"epoch": 59, "train_loss": 854.4907836914062, "val_score": 41.10192108154297, "best_val_score": 28.224897384643555, "_timestamp": 1700251153.7230065, "_runtime": 399.4792695045471, "_step": 59}