{"epoch": 88, "train_loss": 318.1445007324219, "val_score": 28.78392219543457, "best_val_score": 28.224897384643555, "_timestamp": 1700251367.1758628, "_runtime": 612.9321258068085, "_step": 88}