{"epoch": 81, "train_loss": 450.2414855957031, "val_score": 37.59360122680664, "best_val_score": 28.224897384643555, "_timestamp": 1700251326.6128192, "_runtime": 572.3690822124481, "_step": 81}