{"epoch": 82, "train_loss": 419.2311096191406, "val_score": 37.388999938964844, "best_val_score": 28.224897384643555, "_timestamp": 1700251333.7399411, "_runtime": 579.4962041378021, "_step": 82}