{"epoch": 294, "train_loss": 2218.59716796875, "val_score": 27.898508071899414, "best_val_score": 27.865352630615234, "_timestamp": 1700238196.6590214, "_runtime": 32.99085736274719, "_step": 294, "_wandb": {"runtime": 31}}