{"epoch": 196, "train_loss": 960.5827026367188, "val_score": 115.50376892089844, "best_val_score": 28.58196258544922, "_timestamp": 1700232196.5182426, "_runtime": 21.108722686767578, "_step": 196, "_wandb": {"runtime": 18}}