{"epoch": 248, "train_loss": 60.635711669921875, "val_score": 202.49635314941406, "best_val_score": 29.226150512695312, "_timestamp": 1700232350.2939806, "_runtime": 15.928611516952515, "_step": 248, "_wandb": {"runtime": 13}}